Identifier,Path_ID,X,Y,Location,Floor,Unnamed: 6,Unnamed: 7,Unnamed: 8,Unnamed: 9,Unnamed: 10,Unnamed: 11,Unnamed: 12,Unnamed: 13
BOS225001,0,1270,490.0,Boston Post Office Square,1,,,,,,,,
BOS225001,1,1271,301.0,Boston Post Office Square,1,,,,,,,,
BOS225001,2,1132,301.0,Boston Post Office Square,1,,,,,,,,
BOS225001,3,1132,490.0,Boston Post Office Square,1,,,,,,,,
BOS225002,0,1132,490.0,Boston Post Office Square,2,,,,,,,,
BOS225002,1,1132,301.0,Boston Post Office Square,2,,,,,,,,
BOS225002,2,927,301.0,Boston Post Office Square,2,,,,,,,,
BOS225002,3,926,475.0,Boston Post Office Square,2,,,,,,,,
BOS225002,4,1015,474.0,Boston Post Office Square,2,,,,,,,,
BOS225002,5,1015,491.0,Boston Post Office Square,2,,,,,,,,
BOS225003,0,926,475.0,Boston Post Office Square,3,,,,,,,,
BOS225003,1,927,301.0,Boston Post Office Square,3,,,,,,,,
BOS225003,2,787,298.0,Boston Post Office Square,3,,,,,,,,
BOS225003,3,788,491.0,Boston Post Office Square,3,,,,,,,,
BOS225003,4,835,490.0,Boston Post Office Square,3,,,,,,,,
BOS225003,5,835,474.0,Boston Post Office Square,3,,,,,,,,
BOS225004,0,788,491.0,Boston Post Office Square,4,,,,,,,,
BOS225004,1,787,298.0,Boston Post Office Square,4,,,,,,,,
BOS225004,2,651,300.0,Boston Post Office Square,4,,,,,,,,
BOS225004,3,648,492.0,Boston Post Office Square,4,,,,,,,,
BOS225005,0,648,492.0,Boston Post Office Square,5,,,,,,,,
BOS225005,1,651,300.0,Boston Post Office Square,5,,,,,,,,
BOS225005,2,469,301.0,Boston Post Office Square,5,,,,,,,,
BOS225005,3,467,480.0,Boston Post Office Square,5,,,,,,,,
BOS225005,4,490,479.0,Boston Post Office Square,5,,,,,,,,
BOS225005,5,489,491.0,Boston Post Office Square,5,,,,,,,,
BOS225006,0,787,570.0,Boston Post Office Square,6,,,,,,,,
BOS225006,1,568,569.0,Boston Post Office Square,6,,,,,,,,
BOS225006,2,568,677.0,Boston Post Office Square,6,,,,,,,,
BOS225006,3,616,677.0,Boston Post Office Square,6,,,,,,,,
BOS225006,4,616,684.0,Boston Post Office Square,6,,,,,,,,
BOS225006,5,768,684.0,Boston Post Office Square,6,,,,,,,,
BOS225006,6,787,666.0,Boston Post Office Square,6,,,,,,,,
BOS225007,0,616,684.0,Boston Post Office Square,7,,,,,,,,
BOS225007,1,768,684.0,Boston Post Office Square,7,,,,,,,,
BOS225007,2,828,737.0,Boston Post Office Square,7,,,,,,,,
BOS225007,3,827,795.0,Boston Post Office Square,7,,,,,,,,
BOS225007,4,615,796.0,Boston Post Office Square,7,,,,,,,,
BOS225008,0,827,795.0,Boston Post Office Square,8,,,,,,,,
BOS225008,1,828,737.0,Boston Post Office Square,8,,,,,,,,
BOS225008,2,884,684.0,Boston Post Office Square,8,,,,,,,,
BOS225008,3,1038,683.0,Boston Post Office Square,8,,,,,,,,
BOS225008,4,1039,797.0,Boston Post Office Square,8,,,,,,,,
BOS225009,0,1038,683.0,Boston Post Office Square,9,,,,,,,,
BOS225009,1,884,684.0,Boston Post Office Square,9,,,,,,,,
BOS225009,2,866,666.0,Boston Post Office Square,9,,,,,,,,
BOS225009,3,868,569.0,Boston Post Office Square,9,,,,,,,,
BOS225009,4,1039,570.0,Boston Post Office Square,9,,,,,,,,
BOS225010,0,616,677.0,Boston Post Office Square,10,,,,,,,,
BOS225010,1,461,676.0,Boston Post Office Square,10,,,,,,,,
BOS225010,2,461,911.0,Boston Post Office Square,10,,,,,,,,
BOS225010,3,616,910.0,Boston Post Office Square,10,,,,,,,,
BOS225011,0,616,910.0,Boston Post Office Square,11,,,,,,,,
BOS225011,1,615,796.0,Boston Post Office Square,11,,,,,,,,
BOS225011,2,827,795.0,Boston Post Office Square,11,,,,,,,,
BOS225011,3,826,911.0,Boston Post Office Square,11,,,,,,,,
BOS225012,0,826,911.0,Boston Post Office Square,12,,,,,,,,
BOS225012,1,827,795.0,Boston Post Office Square,12,,,,,,,,
BOS225012,2,1039,797.0,Boston Post Office Square,12,,,,,,,,
BOS225012,3,1038,911.0,Boston Post Office Square,12,,,,,,,,
BOS225013,0,1038,911.0,Boston Post Office Square,13,,,,,,,,
BOS225013,1,1038,683.0,Boston Post Office Square,13,,,,,,,,
BOS225013,2,1197,686.0,Boston Post Office Square,13,,,,,,,,
BOS225013,3,1197,783.0,Boston Post Office Square,13,,,,,,,,
BOS225013,4,1163,785.0,Boston Post Office Square,13,,,,,,,,
BOS225013,5,1161,911.0,Boston Post Office Square,13,,,,,,,,
BOS225014,0,372,577.0,Boston Post Office Square,14,,,,,,,,
BOS225014,1,193,579.0,Boston Post Office Square,14,,,,,,,,
BOS225014,2,192,757.0,Boston Post Office Square,14,,,,,,,,
BOS225014,3,382,756.0,Boston Post Office Square,14,,,,,,,,
BOS225014,4,382,600.0,Boston Post Office Square,14,,,,,,,,
BOS225014,5,371,600.0,Boston Post Office Square,14,,,,,,,,
BOS225015,0,382,756.0,Boston Post Office Square,15,,,,,,,,
BOS225015,1,192,757.0,Boston Post Office Square,15,,,,,,,,
BOS225015,2,192,896.0,Boston Post Office Square,15,,,,,,,,
BOS225015,3,382,895.0,Boston Post Office Square,15,,,,,,,,
BOS225016,0,192,896.0,Boston Post Office Square,16,,,,,,,,
BOS225016,1,382,895.0,Boston Post Office Square,16,,,,,,,,
BOS225016,2,382,945.0,Boston Post Office Square,16,,,,,,,,
BOS225016,3,367,945.0,Boston Post Office Square,16,,,,,,,,
BOS225016,4,367,1033.0,Boston Post Office Square,16,,,,,,,,
BOS225016,5,191,1032.0,Boston Post Office Square,16,,,,,,,,
BOS225017,0,191,1032.0,Boston Post Office Square,17,,,,,,,,
BOS225017,1,367,1033.0,Boston Post Office Square,17,,,,,,,,
BOS225017,2,369,1122.0,Boston Post Office Square,17,,,,,,,,
BOS225017,3,383,1122.0,Boston Post Office Square,17,,,,,,,,
BOS225017,4,382,1309.0,Boston Post Office Square,17,,,,,,,,
BOS225017,5,191,1309.0,Boston Post Office Square,17,,,,,,,,
BOS225018,0,462,989.0,Boston Post Office Square,18,,,,,,,,
BOS225018,1,658,990.0,Boston Post Office Square,18,,,,,,,,
BOS225018,2,658,1133.0,Boston Post Office Square,18,,,,,,,,
BOS225018,3,460,1133.0,Boston Post Office Square,18,,,,,,,,
BOS225019,0,460,1133.0,Boston Post Office Square,19,,,,,,,,
BOS225019,1,658,1133.0,Boston Post Office Square,19,,,,,,,,
BOS225019,2,659,1276.0,Boston Post Office Square,19,,,,,,,,
BOS225019,3,462,1277.0,Boston Post Office Square,19,,,,,,,,
BOS225020,0,382,1309.0,Boston Post Office Square,20,,,,,,,,
BOS225020,1,191,1309.0,Boston Post Office Square,20,,,,,,,,
BOS225020,2,192,1514.0,Boston Post Office Square,20,,,,,,,,
BOS225020,3,368,1514.0,Boston Post Office Square,20,,,,,,,,
BOS225020,4,367,1428.0,Boston Post Office Square,20,,,,,,,,
BOS225020,5,383,1430.0,Boston Post Office Square,20,,,,,,,,
BOS225021,0,192,1514.0,Boston Post Office Square,21,,,,,,,,
BOS225021,1,368,1514.0,Boston Post Office Square,21,,,,,,,,
BOS225021,2,368,1606.0,Boston Post Office Square,21,,,,,,,,
BOS225021,3,382,1606.0,Boston Post Office Square,21,,,,,,,,
BOS225021,4,383,1654.0,Boston Post Office Square,21,,,,,,,,
BOS225021,5,193,1655.0,Boston Post Office Square,21,,,,,,,,
BOS225022,0,193,1655.0,Boston Post Office Square,22,,,,,,,,
BOS225022,1,383,1654.0,Boston Post Office Square,22,,,,,,,,
BOS225022,2,383,1792.0,Boston Post Office Square,22,,,,,,,,
BOS225022,3,192,1792.0,Boston Post Office Square,22,,,,,,,,
BOS225023,0,192,1792.0,Boston Post Office Square,23,,,,,,,,
BOS225023,1,383,1792.0,Boston Post Office Square,23,,,,,,,,
BOS225023,2,382,1951.0,Boston Post Office Square,23,,,,,,,,
BOS225023,3,371,1951.0,Boston Post Office Square,23,,,,,,,,
BOS225023,4,372,1972.0,Boston Post Office Square,23,,,,,,,,
BOS225023,5,194,1973.0,Boston Post Office Square,23,,,,,,,,
BOS225024,0,461,1560.0,Boston Post Office Square,24,,,,,,,,
BOS225024,1,618,1560.0,Boston Post Office Square,24,,,,,,,,
BOS225024,2,619,1434.0,Boston Post Office Square,24,,,,,,,,
BOS225024,3,601,1417.0,Boston Post Office Square,24,,,,,,,,
BOS225024,4,461,1416.0,Boston Post Office Square,24,,,,,,,,
BOS225025,0,462,1277.0,Boston Post Office Square,25,,,,,,,,
BOS225025,1,461,1416.0,Boston Post Office Square,25,,,,,,,,
BOS225025,2,601,1417.0,Boston Post Office Square,25,,,,,,,,
BOS225025,3,657,1361.0,Boston Post Office Square,25,,,,,,,,
BOS225025,4,659,1276.0,Boston Post Office Square,25,,,,,,,,
BOS225026,0,715,1418.0,Boston Post Office Square,26,,,,,,,,
BOS225026,1,847,1417.0,Boston Post Office Square,26,,,,,,,,
BOS225026,2,847,1559.0,Boston Post Office Square,26,,,,,,,,
BOS225026,3,696,1561.0,Boston Post Office Square,26,,,,,,,,
BOS225026,4,697,1433.0,Boston Post Office Square,26,,,,,,,,
BOS225027,0,775,1639.0,Boston Post Office Square,27,,,,,,,,
BOS225027,1,775,1873.0,Boston Post Office Square,27,,,,,,,,
BOS225027,2,655,1873.0,Boston Post Office Square,27,,,,,,,,
BOS225027,3,656,1639.0,Boston Post Office Square,27,,,,,,,,
BOS225028,0,656,1639.0,Boston Post Office Square,28,,,,,,,,
BOS225028,1,655,1749.0,Boston Post Office Square,28,,,,,,,,
BOS225028,2,461,1750.0,Boston Post Office Square,28,,,,,,,,
BOS225028,3,461,1639.0,Boston Post Office Square,28,,,,,,,,
BOS225029,0,461,1750.0,Boston Post Office Square,29,,,,,,,,
BOS225029,1,655,1749.0,Boston Post Office Square,29,,,,,,,,
BOS225029,2,655,1873.0,Boston Post Office Square,29,,,,,,,,
BOS225029,3,459,1874.0,Boston Post Office Square,29,,,,,,,,
BOS225030,0,466,2070.0,Boston Post Office Square,30,,,,,,,,
BOS225030,1,491,2070.0,Boston Post Office Square,30,,,,,,,,
BOS225030,2,491,2059.0,Boston Post Office Square,30,,,,,,,,
BOS225030,3,649,2059.0,Boston Post Office Square,30,,,,,,,,
BOS225030,4,649,2249.0,Boston Post Office Square,30,,,,,,,,
BOS225030,5,469,2249.0,Boston Post Office Square,30,,,,,,,,
BOS225031,0,649,2249.0,Boston Post Office Square,31,,,,,,,,
BOS225031,1,649,2059.0,Boston Post Office Square,31,,,,,,,,
BOS225031,2,788,2060.0,Boston Post Office Square,31,,,,,,,,
BOS225031,3,787,2246.0,Boston Post Office Square,31,,,,,,,,
BOS225032,0,775,1873.0,Boston Post Office Square,32,,,,,,,,
BOS225032,1,775,1980.0,Boston Post Office Square,32,,,,,,,,
BOS225032,2,568,1980.0,Boston Post Office Square,32,,,,,,,,
BOS225032,3,569,1872.0,Boston Post Office Square,32,,,,,,,,
BOS225033,0,787,2246.0,Boston Post Office Square,33,,,,,,,,
BOS225033,1,788,2060.0,Boston Post Office Square,33,,,,,,,,
BOS225033,2,836,2060.0,Boston Post Office Square,33,,,,,,,,
BOS225033,3,837,2077.0,Boston Post Office Square,33,,,,,,,,
BOS225033,4,925,2075.0,Boston Post Office Square,33,,,,,,,,
BOS225033,5,924,2248.0,Boston Post Office Square,33,,,,,,,,
BOS225034,0,924,2248.0,Boston Post Office Square,34,,,,,,,,
BOS225034,1,925,2075.0,Boston Post Office Square,34,,,,,,,,
BOS225034,2,1014,2074.0,Boston Post Office Square,34,,,,,,,,
BOS225034,3,1014,2059.0,Boston Post Office Square,34,,,,,,,,
BOS225034,4,1133,2059.0,Boston Post Office Square,34,,,,,,,,
BOS225034,5,1132,2249.0,Boston Post Office Square,34,,,,,,,,
BOS225035,0,1132,2249.0,Boston Post Office Square,35,,,,,,,,
BOS225035,1,1133,2059.0,Boston Post Office Square,35,,,,,,,,
BOS225035,2,1271,2058.0,Boston Post Office Square,35,,,,,,,,
BOS225035,3,1270,2250.0,Boston Post Office Square,35,,,,,,,,
BOS225036,0,1270,2250.0,Boston Post Office Square,36,,,,,,,,
BOS225036,1,1271,2058.0,Boston Post Office Square,36,,,,,,,,
BOS225036,2,1422,2058.0,Boston Post Office Square,36,,,,,,,,
BOS225036,3,1423,2248.0,Boston Post Office Square,36,,,,,,,,
BOS225037,0,775,1980.0,Boston Post Office Square,37,,,,,,,,
BOS225037,1,960,1980.0,Boston Post Office Square,37,,,,,,,,
BOS225037,2,959,1825.0,Boston Post Office Square,37,,,,,,,,
BOS225037,3,775,1825.0,Boston Post Office Square,37,,,,,,,,
BOS225038,0,959,1825.0,Boston Post Office Square,38,,,,,,,,
BOS225038,1,775,1825.0,Boston Post Office Square,38,,,,,,,,
BOS225038,2,775,1639.0,Boston Post Office Square,38,,,,,,,,
BOS225038,3,999,1638.0,Boston Post Office Square,38,,,,,,,,
BOS225038,4,998,1738.0,Boston Post Office Square,38,,,,,,,,
BOS225038,5,957,1738.0,Boston Post Office Square,38,,,,,,,,
BOS225039,0,998,1738.0,Boston Post Office Square,39,,,,,,,,
BOS225039,1,999,1638.0,Boston Post Office Square,39,,,,,,,,
BOS225039,2,1222,1639.0,Boston Post Office Square,39,,,,,,,,
BOS225039,3,1222,1824.0,Boston Post Office Square,39,,,,,,,,
BOS225039,4,1038,1825.0,Boston Post Office Square,39,,,,,,,,
BOS225039,5,1040,1737.0,Boston Post Office Square,39,,,,,,,,
BOS225040,0,1038,1825.0,Boston Post Office Square,40,,,,,,,,
BOS225040,1,1222,1824.0,Boston Post Office Square,40,,,,,,,,
BOS225040,2,1222,1980.0,Boston Post Office Square,40,,,,,,,,
BOS225040,3,1039,1981.0,Boston Post Office Square,40,,,,,,,,
BOS225041,0,1878,2060.0,Boston Post Office Square,41,,,,,,,,
BOS225041,1,2030,2059.0,Boston Post Office Square,41,,,,,,,,
BOS225041,2,2029,2248.0,Boston Post Office Square,41,,,,,,,,
BOS225041,3,1877,2249.0,Boston Post Office Square,41,,,,,,,,
BOS225042,0,2029,2248.0,Boston Post Office Square,42,,,,,,,,
BOS225042,1,2030,2059.0,Boston Post Office Square,42,,,,,,,,
BOS225042,2,2167,2059.0,Boston Post Office Square,42,,,,,,,,
BOS225042,3,2167,2249.0,Boston Post Office Square,42,,,,,,,,
BOS225043,0,2167,2249.0,Boston Post Office Square,43,,,,,,,,
BOS225043,1,2167,2059.0,Boston Post Office Square,43,,,,,,,,
BOS225043,2,2284,2059.0,Boston Post Office Square,43,,,,,,,,
BOS225043,3,2285,2075.0,Boston Post Office Square,43,,,,,,,,
BOS225043,4,2374,2075.0,Boston Post Office Square,43,,,,,,,,
BOS225043,5,2376,2247.0,Boston Post Office Square,43,,,,,,,,
BOS225044,0,2376,2247.0,Boston Post Office Square,44,,,,,,,,
BOS225044,1,2374,2075.0,Boston Post Office Square,44,,,,,,,,
BOS225044,2,2463,2075.0,Boston Post Office Square,44,,,,,,,,
BOS225044,3,2463,2059.0,Boston Post Office Square,44,,,,,,,,
BOS225044,4,2513,2059.0,Boston Post Office Square,44,,,,,,,,
BOS225044,5,2511,2248.0,Boston Post Office Square,44,,,,,,,,
BOS225045,0,2511,2248.0,Boston Post Office Square,45,,,,,,,,
BOS225045,1,2513,2059.0,Boston Post Office Square,45,,,,,,,,
BOS225045,2,2650,2059.0,Boston Post Office Square,45,,,,,,,,
BOS225045,3,2651,2250.0,Boston Post Office Square,45,,,,,,,,
BOS225046,0,2071,1982.0,Boston Post Office Square,46,,,,,,,,
BOS225046,1,2286,1980.0,Boston Post Office Square,46,,,,,,,,
BOS225046,2,2285,1810.0,Boston Post Office Square,46,,,,,,,,
BOS225046,3,2071,1809.0,Boston Post Office Square,46,,,,,,,,
BOS225047,0,2071,1809.0,Boston Post Office Square,47,,,,,,,,
BOS225047,1,2285,1810.0,Boston Post Office Square,47,,,,,,,,
BOS225047,2,2286,1722.0,Boston Post Office Square,47,,,,,,,,
BOS225047,3,2324,1723.0,Boston Post Office Square,47,,,,,,,,
BOS225047,4,2325,1638.0,Boston Post Office Square,47,,,,,,,,
BOS225047,5,2073,1639.0,Boston Post Office Square,47,,,,,,,,
BOS225048,0,2325,1638.0,Boston Post Office Square,48,,,,,,,,
BOS225048,1,2324,1723.0,Boston Post Office Square,48,,,,,,,,
BOS225048,2,2365,1723.0,Boston Post Office Square,48,,,,,,,,
BOS225048,3,2365,1809.0,Boston Post Office Square,48,,,,,,,,
BOS225048,4,2574,1810.0,Boston Post Office Square,48,,,,,,,,
BOS225048,5,2571,1639.0,Boston Post Office Square,48,,,,,,,,
BOS225049,0,2365,1809.0,Boston Post Office Square,49,,,,,,,,
BOS225049,1,2574,1810.0,Boston Post Office Square,49,,,,,,,,
BOS225049,2,2570,1981.0,Boston Post Office Square,49,,,,,,,,
BOS225049,3,2364,1981.0,Boston Post Office Square,49,,,,,,,,
BOS225050,0,2650,1530.0,Boston Post Office Square,50,,,,,,,,
BOS225050,1,3107,1529.0,Boston Post Office Square,50,,,,,,,,
BOS225050,2,3106,1971.0,Boston Post Office Square,50,,,,,,,,
BOS225050,3,2833,1973.0,Boston Post Office Square,50,,,,,,,,
BOS225050,4,2830,2249.0,Boston Post Office Square,50,,,,,,,,
BOS225050,5,2651,2250.0,Boston Post Office Square,50,,,,,,,,
BOS225051,0,2279,1424.0,Boston Post Office Square,51,,,,,,,,
BOS225051,1,2280,1561.0,Boston Post Office Square,51,,,,,,,,
BOS225051,2,2069,1560.0,Boston Post Office Square,51,,,,,,,,
BOS225051,3,2069,1407.0,Boston Post Office Square,51,,,,,,,,
BOS225051,4,2262,1407.0,Boston Post Office Square,51,,,,,,,,
BOS225052,0,2262,1407.0,Boston Post Office Square,52,,,,,,,,
BOS225052,1,2069,1407.0,Boston Post Office Square,52,,,,,,,,
BOS225052,2,2070,1275.0,Boston Post Office Square,52,,,,,,,,
BOS225052,3,2319,1275.0,Boston Post Office Square,52,,,,,,,,
BOS225052,4,2319,1351.0,Boston Post Office Square,52,,,,,,,,
BOS225053,0,2319,1351.0,Boston Post Office Square,53,,,,,,,,
BOS225053,1,2319,1275.0,Boston Post Office Square,53,,,,,,,,
BOS225053,2,2571,1275.0,Boston Post Office Square,53,,,,,,,,
BOS225053,3,2572,1406.0,Boston Post Office Square,53,,,,,,,,
BOS225053,4,2375,1407.0,Boston Post Office Square,53,,,,,,,,
BOS225054,0,2375,1407.0,Boston Post Office Square,54,,,,,,,,
BOS225054,1,2572,1406.0,Boston Post Office Square,54,,,,,,,,
BOS225054,2,2571,1561.0,Boston Post Office Square,54,,,,,,,,
BOS225054,3,2359,1560.0,Boston Post Office Square,54,,,,,,,,
BOS225054,4,2358,1426.0,Boston Post Office Square,54,,,,,,,,
BOS225055,0,2650,1530.0,Boston Post Office Square,55,,,,,,,,
BOS225055,1,3107,1529.0,Boston Post Office Square,55,,,,,,,,
BOS225055,2,3108,1241.0,Boston Post Office Square,55,,,,,,,,
BOS225055,3,2650,1241.0,Boston Post Office Square,55,,,,,,,,
BOS225056,0,2070,1275.0,Boston Post Office Square,56,,,,,,,,
BOS225056,1,2571,1275.0,Boston Post Office Square,56,,,,,,,,
BOS225056,2,2571,990.0,Boston Post Office Square,56,,,,,,,,
BOS225056,3,2067,990.0,Boston Post Office Square,56,,,,,,,,
BOS225057,0,2571,990.0,Boston Post Office Square,57,,,,,,,,
BOS225057,1,2191,991.0,Boston Post Office Square,57,,,,,,,,
BOS225057,2,2192,810.0,Boston Post Office Square,57,,,,,,,,
BOS225057,3,2385,810.0,Boston Post Office Square,57,,,,,,,,
BOS225057,4,2385,750.0,Boston Post Office Square,57,,,,,,,,
BOS225057,5,2571,750.0,Boston Post Office Square,57,,,,,,,,
BOS225058,0,2192,810.0,Boston Post Office Square,58,,,,,,,,
BOS225058,1,2385,810.0,Boston Post Office Square,58,,,,,,,,
BOS225058,2,2385,750.0,Boston Post Office Square,58,,,,,,,,
BOS225058,3,2571,750.0,Boston Post Office Square,58,,,,,,,,
BOS225058,4,2571,570.0,Boston Post Office Square,58,,,,,,,,
BOS225058,5,2192,570.0,Boston Post Office Square,58,,,,,,,,
BOS225059,0,2650,915.0,Boston Post Office Square,59,,,,,,,,
BOS225059,1,2843,916.0,Boston Post Office Square,59,,,,,,,,
BOS225059,2,2843,1079.0,Boston Post Office Square,59,,,,,,,,
BOS225059,3,2650,1079.0,Boston Post Office Square,59,,,,,,,,
BOS225060,0,2650,1079.0,Boston Post Office Square,60,,,,,,,,
BOS225060,1,2843,1079.0,Boston Post Office Square,60,,,,,,,,
BOS225060,2,2843,1240.0,Boston Post Office Square,60,,,,,,,,
BOS225060,3,2650,1241.0,Boston Post Office Square,60,,,,,,,,
BOS225061,0,3108,1241.0,Boston Post Office Square,61,,,,,,,,
BOS225061,1,2925,1240.0,Boston Post Office Square,61,,,,,,,,
BOS225061,2,2926,1033.0,Boston Post Office Square,61,,,,,,,,
BOS225061,3,3106,1034.0,Boston Post Office Square,61,,,,,,,,
BOS225062,0,2926,1033.0,Boston Post Office Square,62,,,,,,,,
BOS225062,1,3106,1034.0,Boston Post Office Square,62,,,,,,,,
BOS225062,2,3106,896.0,Boston Post Office Square,62,,,,,,,,
BOS225062,3,2924,896.0,Boston Post Office Square,62,,,,,,,,
BOS225063,0,2924,896.0,Boston Post Office Square,63,,,,,,,,
BOS225063,1,3106,896.0,Boston Post Office Square,63,,,,,,,,
BOS225063,2,3106,757.0,Boston Post Office Square,63,,,,,,,,
BOS225063,3,2919,755.0,Boston Post Office Square,63,,,,,,,,
BOS225064,0,2919,755.0,Boston Post Office Square,64,,,,,,,,
BOS225064,1,3106,757.0,Boston Post Office Square,64,,,,,,,,
BOS225064,2,3107,580.0,Boston Post Office Square,64,,,,,,,,
BOS225064,3,2928,579.0,Boston Post Office Square,64,,,,,,,,
BOS225064,4,2928,599.0,Boston Post Office Square,64,,,,,,,,
BOS225064,5,2917,599.0,Boston Post Office Square,64,,,,,,,,
BOS225065,0,2649,699.0,Boston Post Office Square,65,,,,,,,,
BOS225065,1,2844,700.0,Boston Post Office Square,65,,,,,,,,
BOS225065,2,2843,600.0,Boston Post Office Square,65,,,,,,,,
BOS225065,3,2829,600.0,Boston Post Office Square,65,,,,,,,,
BOS225065,4,2830,577.0,Boston Post Office Square,65,,,,,,,,
BOS225065,5,2650,578.0,Boston Post Office Square,65,,,,,,,,
BOS225066,0,2649,699.0,Boston Post Office Square,66,,,,,,,,
BOS225066,1,2844,700.0,Boston Post Office Square,66,,,,,,,,
BOS225066,2,2844,830.0,Boston Post Office Square,66,,,,,,,,
BOS225066,3,2649,830.0,Boston Post Office Square,66,,,,,,,,
BOS225067,0,2650,578.0,Boston Post Office Square,67,,,,,,,,
BOS225067,1,2807,577.0,Boston Post Office Square,67,,,,,,,,
BOS225067,2,2809,525.0,Boston Post Office Square,67,,,,,,,,
BOS225067,3,2831,525.0,Boston Post Office Square,67,,,,,,,,
BOS225067,4,2830,303.0,Boston Post Office Square,67,,,,,,,,
BOS225067,5,2651,301.0,Boston Post Office Square,67,,,,,,,,
BOS225068,0,2651,301.0,Boston Post Office Square,68,,,,,,,,
BOS225068,1,2651,491.0,Boston Post Office Square,68,,,,,,,,
BOS225068,2,2513,490.0,Boston Post Office Square,68,,,,,,,,
BOS225068,3,2513,300.0,Boston Post Office Square,68,,,,,,,,
BOS225069,0,2513,300.0,Boston Post Office Square,69,,,,,,,,
BOS225069,1,2513,490.0,Boston Post Office Square,69,,,,,,,,
BOS225069,2,2463,490.0,Boston Post Office Square,69,,,,,,,,
BOS225069,3,2463,474.0,Boston Post Office Square,69,,,,,,,,
BOS225069,4,2375,474.0,Boston Post Office Square,69,,,,,,,,
BOS225069,5,2375,301.0,Boston Post Office Square,69,,,,,,,,
BOS225070,0,2375,474.0,Boston Post Office Square,70,,,,,,,,
BOS225070,1,2375,301.0,Boston Post Office Square,70,,,,,,,,
BOS225070,2,2167,299.0,Boston Post Office Square,70,,,,,,,,
BOS225070,3,2168,491.0,Boston Post Office Square,70,,,,,,,,
BOS225070,4,2284,490.0,Boston Post Office Square,70,,,,,,,,
BOS225070,5,2286,474.0,Boston Post Office Square,70,,,,,,,,
BOS225071,0,2168,491.0,Boston Post Office Square,71,,,,,,,,
BOS225071,1,2167,299.0,Boston Post Office Square,71,,,,,,,,
BOS225071,2,2029,301.0,Boston Post Office Square,71,,,,,,,,
BOS225071,3,2030,491.0,Boston Post Office Square,71,,,,,,,,
BOS225072,0,2030,491.0,Boston Post Office Square,72,,,,,,,,
BOS225072,1,2029,301.0,Boston Post Office Square,72,,,,,,,,
BOS225072,2,1879,302.0,Boston Post Office Square,72,,,,,,,,
BOS225072,3,1878,475.0,Boston Post Office Square,72,,,,,,,,
BOS225072,4,1980,473.0,Boston Post Office Square,72,,,,,,,,
BOS225072,5,1980,491.0,Boston Post Office Square,72,,,,,,,,
BOS225073,0,1878,475.0,Boston Post Office Square,73,,,,,,,,
BOS225073,1,1879,302.0,Boston Post Office Square,73,,,,,,,,
BOS225073,2,1753,300.0,Boston Post Office Square,73,,,,,,,,
BOS225073,3,1754,475.0,Boston Post Office Square,73,,,,,,,,
BOS225074,0,1754,475.0,Boston Post Office Square,74,,,,,,,,
BOS225074,1,1753,300.0,Boston Post Office Square,74,,,,,,,,
BOS225074,2,1547,300.0,Boston Post Office Square,74,,,,,,,,
BOS225074,3,1546,475.0,Boston Post Office Square,74,,,,,,,,
BOS225075,0,1546,475.0,Boston Post Office Square,75,,,,,,,,
BOS225075,1,1547,300.0,Boston Post Office Square,75,,,,,,,,
BOS225075,2,1422,302.0,Boston Post Office Square,75,,,,,,,,
BOS225075,3,1422,475.0,Boston Post Office Square,75,,,,,,,,
BOS225076,0,2009,718.0,Boston Post Office Square,76,,,,,,,,
BOS225076,1,2192,718.0,Boston Post Office Square,76,,,,,,,,
BOS225076,2,2191,991.0,Boston Post Office Square,76,,,,,,,,
BOS225076,3,2007,990.0,Boston Post Office Square,76,,,,,,,,
BOS225077,0,2007,783.0,Boston Post Office Square,77,,,,,,,,
BOS225077,1,2007,990.0,Boston Post Office Square,77,,,,,,,,
BOS225077,2,1873,990.0,Boston Post Office Square,77,,,,,,,,
BOS225077,3,1873,783.0,Boston Post Office Square,77,,,,,,,,
BOS225078,0,1873,783.0,Boston Post Office Square,78,,,,,,,,
BOS225078,1,1873,990.0,Boston Post Office Square,78,,,,,,,,
BOS225078,2,1738,989.0,Boston Post Office Square,78,,,,,,,,
BOS225078,3,1739,783.0,Boston Post Office Square,78,,,,,,,,
BOS225079,0,1272,493.0,Boston Post Office Square,79,,,,,,,,
BOS225079,1,1422,495.0,Boston Post Office Square,79,,,,,,,,
BOS225079,2,1421,299.0,Boston Post Office Square,79,,,,,,,,
BOS225079,3,1272,299.0,Boston Post Office Square,79,,,,,,,,
